date,year,mean_siage,conc_1yi,conc_2yi,conc_3yi,conc_4yi,conc_5yi,conc_6yi
2020-05-01,2020,0.6363932490348816,0.9730494022369385,0.0016913581639528275,0.0008888889569789171,0.005370370578020811,0.00012345678987912834,0.0001481481594964862
2020-05-02,2020,0.6391209959983826,0.9721851944923401,0.0019135804614052176,0.0008148148190230131,0.005320987664163113,0.00014814814494457096,0.00020987655443605036
2020-05-03,2020,0.6413725018501282,0.9715185165405273,0.001913580228574574,0.0008148148190230131,0.005320987664163113,0.00014814814494457096,0.00020987655443605036
2020-05-04,2020,0.6456162929534912,0.9733210206031799,0.0018024691380560398,0.0009382716380059719,0.005407407879829407,0.00014814814494457096,0.00019753086962737143
2020-05-05,2020,0.6471987366676331,0.9714444875717163,0.0017901236424222589,0.0009506172500550747,0.005444444250315428,0.00016049382975324988,0.00019753086962737143
2020-05-06,2020,0.6496551632881165,0.9702222943305969,0.0018271604785695672,0.0009753087069839239,0.005518518853932619,0.0001728395145619288,0.00022222221014089882
2020-05-07,2020,0.6477503180503845,0.9617654085159302,0.0016049384139478207,0.001049382728524506,0.005716049578040838,0.0001728395145619288,0.0002469135797582567
2020-05-08,2020,0.6458905935287476,0.951962947845459,0.0016049384139478207,0.0010000000474974513,0.005938271526247263,0.0002716049493756145,0.00038271606899797916
2020-05-09,2020,0.6424304246902466,0.9425061941146851,0.0016543209785595536,0.0009876544354483485,0.005962963681668043,0.0002716049493756145,0.00037037039874121547
2020-05-10,2020,0.6333399415016174,0.9210493564605713,0.001716049388051033,0.00112345686648041,0.006345679517835379,0.00030864198924973607,0.0004320987791288644
2020-05-11,2020,0.6265703439712524,0.9060618281364441,0.0018395062070339918,0.0011111111380159855,0.006395062431693077,0.00032098765950649977,0.00043209880823269486
2020-05-12,2020,0.6186915040016174,0.8878024816513062,0.0020370371639728546,0.001246913569048047,0.006580246612429619,0.0003333333588670939,0.00044444447848945856
2020-05-13,2020,0.6036919355392456,0.8576914668083191,0.002320987870916724,0.001320987707003951,0.006876543629914522,0.00039506173925474286,0.0005308642284944654
2020-05-14,2020,0.5886968970298767,0.8296914100646973,0.002567901276051998,0.0012716050259768963,0.00676543265581131,0.000543209898751229,0.0006543209892697632
2020-05-15,2020,0.5745736360549927,0.8029012680053711,0.00279012368991971,0.0013086420949548483,0.007024691440165043,0.0005308642284944654,0.0006543209892697632
2020-05-16,2020,0.5694700479507446,0.7880370616912842,0.00332098756916821,0.0013333333190530539,0.007444444112479687,0.000543209898751229,0.0006666666595265269
2020-05-17,2020,0.5674384832382202,0.7809876799583435,0.003740740707144141,0.001283950638025999,0.007469136267900467,0.0005555555690079927,0.0006543210474774241
2020-05-18,2020,0.5571876764297485,0.7631111145019531,0.003913580439984798,0.0012716049095615745,0.007456790655851364,0.00048148154746741056,0.0005925925797782838
2020-05-19,2020,0.5492271184921265,0.7470617890357971,0.0038518523797392845,0.001320987707003951,0.007666667457669973,0.00048148154746741056,0.0005679012392647564
2020-05-20,2020,0.5421128273010254,0.7300370931625366,0.004246913827955723,0.001283950754441321,0.008049382828176022,0.0005185185582377017,0.000580246967729181
2020-05-21,2020,0.5445379614830017,0.7302839756011963,0.004098765552043915,0.0013333333190530539,0.008111110888421535,0.000543209898751229,0.0005679012392647564
2020-05-22,2020,0.5400556921958923,0.7205432653427124,0.0038395060691982508,0.0013456790475174785,0.008209876716136932,0.0005555555690079927,0.0005925925797782838
2020-05-23,2020,0.5311216115951538,0.7045185565948486,0.003851851914077997,0.0013333333190530539,0.008160494267940521,0.0006049383082427084,0.0006049382500350475
2020-05-24,2020,0.5266304612159729,0.6940124034881592,0.003950617741793394,0.0013086420949548483,0.008037037216126919,0.0007160493987612426,0.0007407407974824309
2020-05-25,2020,0.5328450798988342,0.698296308517456,0.0035185187589377165,0.0014320987975224853,0.00855555571615696,0.0006790123297832906,0.0007407407974824309
2020-05-26,2020,0.537194550037384,0.6970370411872864,0.0037901236210018396,0.0016049384139478207,0.0089629627764225,0.0007901234785094857,0.0008148148190230131
2020-05-27,2020,0.5506948828697205,0.7110987901687622,0.0038395060691982508,0.0016790122026577592,0.008987654000520706,0.0009012346272356808,0.0009629629785194993
2020-05-28,2020,0.5430945754051208,0.7060987949371338,0.003543209983035922,0.0013827162329107523,0.007938272319734097,0.0008271604892797768,0.0008148148190230131
2020-05-29,2020,0.5196996331214905,0.6698024868965149,0.003629629733040929,0.001395061844959855,0.007888889871537685,0.0008271604892797768,0.0008395062177442014
2020-05-30,2020,0.5249872803688049,0.6743456721305847,0.0035432102158665657,0.001395061844959855,0.007913581095635891,0.0008765432285144925,0.0008395062177442014
2020-05-31,2020,0.497471421957016,0.6323086619377136,0.0033456790260970592,0.0014074074570089579,0.008098765276372433,0.0009135802392847836,0.0008641976164653897
2021-05-01,2021,0.7398063540458679,0.9230493903160095,0.009777778759598732,0.007308641914278269,0.00011111111962236464,0.01688888855278492,0.008518518880009651
2021-05-02,2021,0.7429892420768738,0.9284197688102722,0.009641975164413452,0.00712345726788044,0.00020987655443605036,0.016641976311802864,0.008234568871557713
2021-05-03,2021,0.7518144845962524,0.9276049733161926,0.009999999776482582,0.007691358216106892,0.00020987655443605036,0.017530865967273712,0.008320988155901432
2021-05-04,2021,0.7529477477073669,0.9252222180366516,0.009888889268040657,0.007790123112499714,0.00020987655443605036,0.01756790280342102,0.00830864254385233
2021-05-05,2021,0.7476248741149902,0.9280246496200562,0.009888889268040657,0.00735802436247468,9.876543481368572e-05,0.016555557027459145,0.007679012604057789
2021-05-06,2021,0.7537947297096252,0.9244568347930908,0.00990123488008976,0.007518518250435591,0.00012345678987912834,0.017666667699813843,0.007753086742013693
2021-05-07,2021,0.7596691846847534,0.9121357202529907,0.010296297259628773,0.007567901164293289,0.00014814814494457096,0.01818518526852131,0.00904938392341137
2021-05-08,2021,0.7510519027709961,0.8972592949867249,0.010345679707825184,0.007913581095635891,0.00016049382975324988,0.01796296425163746,0.008765432983636856
2021-05-09,2021,0.7531587481498718,0.8809629678726196,0.009962963871657848,0.008098765276372433,0.0002839506487362087,0.02007407695055008,0.008728395216166973
2021-05-10,2021,0.7553590536117554,0.8743827939033508,0.010098764672875404,0.008283950388431549,0.00022222223924472928,0.020012347027659416,0.00932098738849163
2021-05-11,2021,0.7457380890846252,0.8677901029586792,0.010024691931903362,0.007481481414288282,0.00023456790950149298,0.018740739673376083,0.009395061992108822
2021-05-12,2021,0.7422071099281311,0.8595308661460876,0.01003703847527504,0.008234567940235138,0.0002716049493756145,0.019654320552945137,0.008222222328186035
2021-05-13,2021,0.7241962552070618,0.8400123715400696,0.010024691931903362,0.008679012767970562,0.0003333333588670939,0.018172839656472206,0.007851851172745228
2021-05-14,2021,0.7272408604621887,0.8295802474021912,0.010296296328306198,0.008506173267960548,0.00024691360886208713,0.018382716923952103,0.00902469176799059
2021-05-15,2021,0.725622832775116,0.8234198093414307,0.009679012931883335,0.008370370604097843,0.00025925927911885083,0.018395062536001205,0.009234568104147911
2021-05-16,2021,0.7340040802955627,0.817419707775116,0.010259260423481464,0.009209876880049706,0.0002716049493756145,0.019703704863786697,0.009345678612589836
2021-05-17,2021,0.7319779396057129,0.818506121635437,0.01025925949215889,0.00891358032822609,0.0002839506487362087,0.01918518729507923,0.009074074216187
2021-05-18,2021,0.7211716175079346,0.8149012923240662,0.010308642871677876,0.008753087371587753,0.00016049382975324988,0.018271606415510178,0.008135802112519741
2021-05-19,2021,0.7267834544181824,0.8057407140731812,0.010481482371687889,0.009814814664423466,0.00013580247468780726,0.01939506269991398,0.00830864254385233
2021-05-20,2021,0.7257034778594971,0.8044938445091248,0.010876543819904327,0.00970370415598154,0.00012345678987912834,0.019185185432434082,0.007987654767930508
2021-05-21,2021,0.6917547583580017,0.7844815254211426,0.009888889268040657,0.008617283776402473,8.64197572809644e-05,0.016111111268401146,0.007296296767890453
2021-05-22,2021,0.6665973663330078,0.7601111531257629,0.009123456664383411,0.008160494267940521,7.407407247228548e-05,0.0156790129840374,0.0062962970696389675
2021-05-23,2021,0.6550390720367432,0.7641111612319946,0.0078395064920187,0.007493827026337385,8.64197572809644e-05,0.015654321759939194,0.004197531379759312
2021-05-24,2021,0.6703076958656311,0.7868642210960388,0.007469136267900467,0.006666666828095913,9.876543481368572e-05,0.014827162027359009,0.004864197224378586
2021-05-25,2021,0.6820279359817505,0.7924444675445557,0.007506173104047775,0.006938271224498749,8.64197572809644e-05,0.015530865639448166,0.005185185465961695
2021-05-26,2021,0.6766877174377441,0.7866790890693665,0.007543210405856371,0.006814815569669008,7.40740797482431e-05,0.015074075199663639,0.004950616974383593
2021-05-27,2021,0.6732463836669922,0.7772716283798218,0.0075679016299545765,0.006802469026297331,7.40740797482431e-05,0.015086419880390167,0.005098765715956688
2021-05-28,2021,0.6562110781669617,0.7589259147644043,0.007604938931763172,0.006320987828075886,6.172840221552178e-05,0.013802469708025455,0.00522222276777029
2021-05-29,2021,0.6519702076911926,0.7491975426673889,0.0075679016299545765,0.006407407112419605,7.407407247228548e-05,0.013913581147789955,0.005172838922590017
2021-05-30,2021,0.6604539155960083,0.738135814666748,0.008382716216146946,0.007271605543792248,8.64197572809644e-05,0.015518518164753914,0.005641974974423647
2021-05-31,2021,0.6561354398727417,0.7198024988174438,0.00849382858723402,0.007592592854052782,9.876543481368572e-05,0.016740743070840836,0.005567900836467743
2022-05-01,2022,0.6762604713439941,0.8903580904006958,0.004876543302088976,0.00628395052626729,0.016209878027439117,0.0005925925797782838,0.0057037039659917355
2022-05-02,2022,0.6957796812057495,0.89754319190979,0.004555555991828442,0.005530864465981722,0.018061727285385132,0.0011481483234092593,0.0066172839142382145
2022-05-03,2022,0.7114529013633728,0.8978766202926636,0.004555555991828442,0.005938271526247263,0.020493827760219574,0.0010987654095515609,0.007160494569689035
2022-05-04,2022,0.7140450477600098,0.8848519325256348,0.004987654741853476,0.006111111957579851,0.021876543760299683,0.0012222223449498415,0.00738271651789546
2022-05-05,2022,0.7253357768058777,0.8823826909065247,0.006753086112439632,0.007506173104047775,0.02339506335556507,0.001370370271615684,0.006962962914258242
2022-05-06,2022,0.7303934097290039,0.8770369291305542,0.007271605543792248,0.008234567940235138,0.0235308650881052,0.0009629629785194993,0.0077901240438222885
2022-05-07,2022,0.7171465158462524,0.8604691028594971,0.0064320992678403854,0.007962963543832302,0.02280247211456299,0.0010123455431312323,0.007703704759478569
2022-05-08,2022,0.7025282382965088,0.8399383425712585,0.006135802716016769,0.007111111655831337,0.022197529673576355,0.0010617284569889307,0.007827160879969597
2022-05-09,2022,0.7021453976631165,0.8430123925209045,0.005592592991888523,0.006382716353982687,0.021666668355464935,0.0010246915044263005,0.007814815267920494
2022-05-10,2022,0.7034595608711243,0.8366790413856506,0.005901235155761242,0.006814815569669008,0.022382717579603195,0.001049382844939828,0.007641976233571768
2022-05-11,2022,0.6978352665901184,0.8301112055778503,0.005962963681668043,0.006814815569669008,0.022333335131406784,0.00112345686648041,0.006987654138356447
2022-05-12,2022,0.6974102854728699,0.8336173295974731,0.005506172776222229,0.006209876853972673,0.021851852536201477,0.0012098766164854169,0.006716049741953611
2022-05-13,2022,0.7164140939712524,0.8567160964012146,0.005407407879829407,0.006222222466021776,0.021160494536161423,0.0014567902544513345,0.00713580334559083
2022-05-14,2022,0.7204861044883728,0.8490000367164612,0.005432098638266325,0.00628395052626729,0.021666668355464935,0.001086419797502458,0.008185185492038727
2022-05-15,2022,0.6920844316482544,0.8205803632736206,0.005271605681627989,0.006135802716016769,0.020049382001161575,0.001049382844939828,0.00737037044018507
2022-05-16,2022,0.7129086852073669,0.8471851944923401,0.0051975310780107975,0.0059259263798594475,0.020098766312003136,0.0010370371164754033,0.007592592854052782
2022-05-17,2022,0.7328166961669922,0.8616172671318054,0.005296296440064907,0.006086420267820358,0.021271605044603348,0.0013827161164954305,0.007753086742013693
2022-05-18,2022,0.7118085622787476,0.8295308947563171,0.005975308828055859,0.006160493940114975,0.022259259596467018,0.0012098767329007387,0.0068024699576199055
2022-05-19,2022,0.6835346817970276,0.8028519153594971,0.005753086879849434,0.005864197853952646,0.0201604962348938,0.0009629629785194993,0.0063333334401249886
2022-05-20,2022,0.6654095649719238,0.7859877347946167,0.005209876224398613,0.005382716655731201,0.018567902967333794,0.0007901234785094857,0.006370370741933584
2022-05-21,2022,0.6688509583473206,0.7821851968765259,0.005135802552103996,0.005407407879829407,0.019098766148090363,0.0006172839784994721,0.006753087043762207
2022-05-22,2022,0.659826934337616,0.767333447933197,0.005185185465961695,0.0055679017677903175,0.018666669726371765,0.0006419753190129995,0.006777778267860413
2022-05-23,2022,0.6392068862915039,0.7477530837059021,0.005370370578020811,0.0054814815521240234,0.01832098886370659,0.0006666666595265269,0.005444445181638002
2022-05-24,2022,0.6141878962516785,0.7220740914344788,0.005185185465961695,0.005296296440064907,0.01577777974307537,0.0002962963189929724,0.0057901241816580296
2022-05-25,2022,0.5956866145133972,0.692456841468811,0.005148148629814386,0.005234568379819393,0.015691358596086502,0.00025925927911885083,0.005839506629854441
2022-05-26,2022,0.5957263708114624,0.6941235065460205,0.005271605681627989,0.005271605681627989,0.014802470803260803,0.00025925927911885083,0.005839506629854441
2022-05-27,2022,0.6035065650939941,0.6928395628929138,0.005037037190049887,0.005370370578020811,0.015975309535861015,0.00019753086962737143,0.006283951457589865
2022-05-28,2022,0.602047324180603,0.694469153881073,0.005061728414148092,0.005506173241883516,0.015358024276793003,0.00023456790950149298,0.0057777781039476395
2022-05-29,2022,0.62522953748703,0.7158766388893127,0.005049383267760277,0.005530864465981722,0.016185186803340912,0.00020987655443605036,0.006246914155781269
2022-05-30,2022,0.6265331506729126,0.7113210558891296,0.00530864205211401,0.005617284215986729,0.016827160492539406,0.0001728395145619288,0.006185185629874468
2022-05-31,2022,0.6230655312538147,0.6998395323753357,0.0053209881298244,0.0057901241816580296,0.017839506268501282,0.00018518519937060773,0.005913580767810345
2023-05-01,2023,0.6146918535232544,0.9435926079750061,0.00038271606899797916,0.0,0.0026296298019587994,0.0,0.0022839505691081285
2023-05-02,2023,0.6155146956443787,0.9408148527145386,0.00032098765950649977,0.0,0.0026296298019587994,0.0,0.0022839505691081285
2023-05-03,2023,0.6191918849945068,0.9425433278083801,0.00030864198924973607,0.0,0.0026296298019587994,0.0,0.0022839505691081285
2023-05-04,2023,0.6244785785675049,0.9469628930091858,0.0002962962898891419,0.0,0.0026296298019587994,0.0,0.0022839505691081285
2023-05-05,2023,0.6317455172538757,0.9541974663734436,0.0002716049493756145,0.0,0.0026296298019587994,0.0,0.0022839505691081285
2023-05-06,2023,0.6365408897399902,0.9577901363372803,0.00025925927911885083,0.0,0.0026296298019587994,0.0,0.0022839505691081285
2023-05-07,2023,0.6362425088882446,0.9531358480453491,0.0002716049493756145,0.0,0.0026296298019587994,0.0,0.0022839505691081285
2023-05-08,2023,0.6299792528152466,0.9392963647842407,0.00024691360886208713,0.0,0.0026296298019587994,0.0,0.0022839505691081285
2023-05-09,2023,0.6274504661560059,0.9315555691719055,0.00024691360886208713,0.0,0.0026296298019587994,0.0,0.0022839505691081285
2023-05-10,2023,0.6400342583656311,0.9469136595726013,0.00024691360886208713,0.0,0.0026296298019587994,0.0,0.0022839505691081285
2023-05-11,2023,0.6392114162445068,0.9418271780014038,0.00024691360886208713,0.0,0.0026296298019587994,0.0,0.0022839505691081285
2023-05-12,2023,0.6350911259651184,0.9313333630561829,0.00024691360886208713,0.0,0.0026296298019587994,0.0,0.0022839505691081285
2023-05-13,2023,0.6271656155586243,0.9154320955276489,0.00023456790950149298,0.0,0.0026296298019587994,0.0,0.0022839505691081285
2023-05-14,2023,0.6029881834983826,0.8773333430290222,0.0005555555108003318,1.2345679351710714e-05,0.0018271604785695672,0.0,0.0024197532329708338
2023-05-15,2023,0.6121057868003845,0.887333333492279,0.0005555555690079927,1.2345679351710714e-05,0.0018271604785695672,0.0,0.0024197532329708338
2023-05-16,2023,0.6260353326797485,0.9048148393630981,0.0005185185000300407,1.2345679351710714e-05,0.0018271604785695672,0.0,0.0024197532329708338
2023-05-17,2023,0.6274670362472534,0.9031112194061279,0.0005308642284944654,1.2345679351710714e-05,0.0018271604785695672,0.0,0.0024197532329708338
2023-05-18,2023,0.6278423070907593,0.8998888731002808,0.000543209898751229,1.2345679351710714e-05,0.0018271604785695672,0.0,0.0024197532329708338
2023-05-19,2023,0.627197265625,0.895444393157959,0.0005308642284944654,1.2345679351710714e-05,0.0018271604785695672,0.0,0.0024197532329708338
2023-05-20,2023,0.6177240014076233,0.877703845500946,0.0005308642284944654,1.2345679351710714e-05,0.0018271604785695672,0.0,0.0024197532329708338
2023-05-21,2023,0.6128713488578796,0.8669876456260681,0.0005185185000300407,1.2345679351710714e-05,0.0018271604785695672,0.0,0.0024197532329708338
2023-05-22,2023,0.6179003119468689,0.8722222447395325,0.000543209898751229,1.2345679351710714e-05,0.001753086457028985,0.0,0.002320987870916724
2023-05-23,2023,0.6302565336227417,0.8866420984268188,0.000543209898751229,1.2345679351710714e-05,0.001753086457028985,0.0,0.002320987870916724
2023-05-24,2023,0.6351276636123657,0.8902469277381897,0.0005679012392647564,1.2345679351710714e-05,0.001753086457028985,0.0,0.002320987870916724
2023-05-25,2023,0.6300154328346252,0.8795185089111328,0.0005925925797782838,1.2345679351710714e-05,0.0017283951165154576,0.0,0.0022839505691081285
2023-05-26,2023,0.6085385680198669,0.8449876308441162,0.0005555555690079927,1.2345679351710714e-05,0.001753086457028985,0.0,0.0022716051898896694
2023-05-27,2023,0.5975806713104248,0.8260741233825684,0.0006049383082427084,1.2345679351710714e-05,0.001753086457028985,0.0,0.0022716051898896694
2023-05-28,2023,0.5942645072937012,0.8181357383728027,0.0006172839784994721,1.2345679351710714e-05,0.0017407407285645604,0.0,0.002259259345009923
2023-05-29,2023,0.5950424075126648,0.8165432214736938,0.0005679012974724174,1.2345679351710714e-05,0.0017407407285645604,0.0,0.0022345681209117174
2023-05-30,2023,0.6030287742614746,0.8252716064453125,0.000543209898751229,1.2345679351710714e-05,0.001703703892417252,0.0,0.002185185207054019
2023-05-31,2023,0.6196402311325073,0.8454445004463196,0.0005185185000300407,1.2345679351710714e-05,0.001703703892417252,0.0,0.002185185207054019
2024-05-01,2024,0.6144446730613708,0.9468271732330322,0.0011975308880209923,0.00016049382975324988,0.0,0.0016666667070239782,0.001555555616505444
2024-05-02,2024,0.615502655506134,0.9443210363388062,0.001160493935458362,0.00016049382975324988,0.0,0.0016666667070239782,0.001555555616505444
2024-05-03,2024,0.6206657290458679,0.9486543536186218,0.0011111111380159855,0.00016049382975324988,0.0,0.0016666667070239782,0.001555555616505444
2024-05-04,2024,0.6142939925193787,0.9343456625938416,0.0011111111380159855,0.00016049382975324988,0.0,0.0016666667070239782,0.001555555616505444
2024-05-05,2024,0.6159065365791321,0.9330493211746216,0.0010987654095515609,0.00016049382975324988,0.0,0.0016666667070239782,0.001555555616505444
2024-05-06,2024,0.6214102506637573,0.9375185370445251,0.00112345686648041,0.00016049382975324988,0.0,0.0016666667070239782,0.001555555616505444
2024-05-07,2024,0.6253014206886292,0.9394938945770264,0.0011358025949448347,0.00016049382975324988,0.0,0.0016666667070239782,0.001555555616505444
2024-05-08,2024,0.6209852695465088,0.9289753437042236,0.00112345686648041,0.00016049382975324988,0.0,0.0016666667070239782,0.001555555616505444
2024-05-09,2024,0.6284782290458679,0.9364691972732544,0.0011358024785295129,0.00016049382975324988,0.0,0.0016666667070239782,0.001555555616505444
2024-05-10,2024,0.6294397711753845,0.9340617656707764,0.0011358024785295129,0.00016049382975324988,0.0,0.0016666667070239782,0.001555555616505444
2024-05-11,2024,0.6300576329231262,0.9310741424560547,0.00112345686648041,0.00016049382975324988,0.0,0.0016666667070239782,0.001555555616505444
2024-05-12,2024,0.6327672600746155,0.931185245513916,0.0011111111380159855,0.00016049382975324988,0.0,0.0016666667070239782,0.001555555616505444
2024-05-13,2024,0.6382589340209961,0.9356666803359985,0.0011358025949448347,0.00016049382975324988,1.2345679351710714e-05,0.0016666667070239782,0.001555555616505444
2024-05-14,2024,0.6394675970077515,0.9335185885429382,0.0011481482069939375,0.00016049382975324988,1.2345679351710714e-05,0.0016666667070239782,0.001555555616505444
2024-05-15,2024,0.6224018335342407,0.9039506316184998,0.001160493935458362,0.00016049382975324988,0.0,0.0016666667070239782,0.001555555616505444
2024-05-16,2024,0.6146827936172485,0.8886913657188416,0.001160493935458362,0.00016049382975324988,0.0,0.0016666667070239782,0.001555555616505444
2024-05-17,2024,0.6279447674751282,0.9048519134521484,0.001160493935458362,0.00016049382975324988,0.0,0.0016666667070239782,0.001555555616505444
2024-05-18,2024,0.6359079480171204,0.9130123853683472,0.0011851851595565677,0.00016049382975324988,0.0,0.0016666667070239782,0.001555555616505444
2024-05-19,2024,0.634925365447998,0.9076790809631348,0.0012222222285345197,0.00016049382975324988,0.0,0.0016666667070239782,0.001555555616505444
2024-05-20,2024,0.6298692226409912,0.8965802788734436,0.0012098766164854169,0.00016049382975324988,0.0,0.0016666667070239782,0.001555555616505444
2024-05-21,2024,0.6268973350524902,0.8886173367500305,0.001209876500070095,0.00016049382975324988,0.0,0.0016666667070239782,0.001555555616505444
2024-05-22,2024,0.6152916550636292,0.8679382801055908,0.001246913569048047,0.00016049382975324988,0.0,0.0016666667070239782,0.001555555616505444
2024-05-23,2024,0.612308919429779,0.860370397567749,0.0011851851595565677,0.00016049382975324988,0.0,0.0016666667070239782,0.001555555616505444
2024-05-24,2024,0.6135517358779907,0.858691394329071,0.0011975308880209923,0.00016049382975324988,1.2345679351710714e-05,0.0016666667070239782,0.001555555616505444
2024-05-25,2024,0.6114547848701477,0.852222204208374,0.0011481482069939375,0.00016049382975324988,1.2345679351710714e-05,0.0016666667070239782,0.001555555616505444
2024-05-26,2024,0.6116015315055847,0.8491604924201965,0.0011728395475074649,0.00016049382975324988,1.2345679351710714e-05,0.0016666667070239782,0.001555555616505444
2024-05-27,2024,0.6091293692588806,0.8420617580413818,0.0011975308880209923,0.00016049382975324988,1.2345679351710714e-05,0.0016666667070239782,0.001555555616505444
2024-05-28,2024,0.6037282943725586,0.8311358690261841,0.0011851851595565677,0.00016049382975324988,1.2345679351710714e-05,0.0016666667070239782,0.001555555616505444
2024-05-29,2024,0.6066775918006897,0.8319999575614929,0.0011728395475074649,0.0001728395145619288,2.469135870342143e-05,0.0016666667070239782,0.001555555616505444
2024-05-30,2024,0.5992955565452576,0.8182715773582458,0.0011728395475074649,0.0001728395145619288,2.469135870342143e-05,0.0016666667070239782,0.001555555616505444
2024-05-31,2024,0.6014939546585083,0.8180863857269287,0.001160493935458362,0.00018518519937060773,6.172840221552178e-05,0.0016666667070239782,0.001555555616505444
2025-05-01,2025,0.6105625629425049,0.9077408313751221,0.014172838069498539,0.0019506174139678478,0.00040740740951150656,0.0013827161164954305,0.001246913569048047
2025-05-02,2025,0.613061249256134,0.9060370326042175,0.01458024699240923,0.0020000000949949026,0.00040740740951150656,0.001432098913937807,0.001246913569048047
2025-05-03,2025,0.6147295236587524,0.9025925993919373,0.015123456716537476,0.0020370371639728546,0.0004197531088721007,0.0014567902544513345,0.0012592591810971498
2025-05-04,2025,0.6187623739242554,0.9025432467460632,0.015839505940675735,0.002098765689879656,0.0004320987791288644,0.0015061728190630674,0.0012716049095615745
2025-05-05,2025,0.6217659115791321,0.8999012112617493,0.01671604812145233,0.002172839595004916,0.00044444447848945856,0.0015925924526527524,0.0012962963664904237
2025-05-06,2025,0.6255711913108826,0.9000370502471924,0.017123457044363022,0.0022839505691081285,0.00046913581900298595,0.0016172839095816016,0.001320987707003951
2025-05-07,2025,0.6295331716537476,0.899456799030304,0.017753086984157562,0.0023580247070640326,0.00048148154746741056,0.0016666667070239782,0.0013456790475174785
2025-05-08,2025,0.6372643113136292,0.904654324054718,0.018543211743235588,0.0024074073880910873,0.00048148148925974965,0.001716049388051033,0.0013703703880310059
2025-05-09,2025,0.6402376890182495,0.9034691452980042,0.019160494208335876,0.0024074073880910873,0.00048148148925974965,0.0017037036595866084,0.001395061844959855
2025-05-10,2025,0.6445342898368835,0.904321014881134,0.019876545295119286,0.0024074073880910873,0.00048148148925974965,0.001716049388051033,0.001395061844959855
2025-05-11,2025,0.6484360098838806,0.9041358232498169,0.020753085613250732,0.002407407620921731,0.0004938272177241743,0.0017160495044663548,0.0013827161164954305
2025-05-12,2025,0.6485731601715088,0.899074137210846,0.021296294406056404,0.002370370551943779,0.0004938272177241743,0.001703703892417252,0.0014074074570089579
2025-05-13,2025,0.6458891034126282,0.890049397945404,0.021617284044623375,0.0023827161639928818,0.000506172829773277,0.0017160495044663548,0.001444444409571588
2025-05-14,2025,0.6421380639076233,0.8805556297302246,0.021580247208476067,0.0024197534658014774,0.000506172829773277,0.0017283952329307795,0.0014197530690580606
2025-05-15,2025,0.644751250743866,0.8807037472724915,0.021518519148230553,0.0024320988450199366,0.000506172829773277,0.0017283952329307795,0.0014197530690580606
2025-05-16,2025,0.6390987634658813,0.8690246939659119,0.021222222596406937,0.0024197532329708338,0.0005185185582377017,0.001753086457028985,0.0014197531854733825
2025-05-17,2025,0.643048882484436,0.8707530498504639,0.020753085613250732,0.002604938577860594,0.0005308642284944654,0.0018395064398646355,0.0014567901380360126
2025-05-18,2025,0.6501630544662476,0.8769876956939697,0.02061728574335575,0.002691358095034957,0.0005555555690079927,0.001913580228574574,0.0014691358665004373
2025-05-19,2025,0.6564244627952576,0.8813086748123169,0.021037038415670395,0.0027037039399147034,0.0005679012974724174,0.0019259259570389986,0.0014938272070139647
2025-05-20,2025,0.6668369770050049,0.8920740485191345,0.021296298131346703,0.002691358095034957,0.0005679012974724174,0.0019382716855034232,0.0014938272070139647
2025-05-21,2025,0.6701509356498718,0.8927531242370605,0.02141975425183773,0.002716049551963806,0.0005679012974724174,0.0019382716855034232,0.0014938272070139647
2025-05-22,2025,0.6696302890777588,0.8877778053283691,0.02164197526872158,0.0027160493191331625,0.0005679012974724174,0.001938271801918745,0.0015185184311121702
2025-05-23,2025,0.6643790006637573,0.8755679726600647,0.021962963044643402,0.0027037039399147034,0.0005679012974724174,0.0019135804614052176,0.0015185184311121702
2025-05-24,2025,0.6669801473617554,0.8755308389663696,0.021987654268741608,0.0027407407760620117,0.0005679012974724174,0.001938271801918745,0.0015185184311121702
2025-05-25,2025,0.6686989068984985,0.8754197359085083,0.021580247208476067,0.0027530863881111145,0.0005679012974724174,0.0019506174139678478,0.0015185184311121702
2025-05-26,2025,0.6673546433448792,0.8704691529273987,0.021271605044603348,0.002765432232990861,0.0005555555690079927,0.0019753086380660534,0.0015308641595765948
2025-05-27,2025,0.6751829385757446,0.8788395524024963,0.021049384027719498,0.00279012368991971,0.0005679012392647564,0.0019629630260169506,0.0015061728190630674
2025-05-28,2025,0.679771900177002,0.8812346458435059,0.02123456820845604,0.002802469301968813,0.0005679012392647564,0.001987654250115156,0.001518518547527492
2025-05-29,2025,0.688514232635498,0.8894321918487549,0.021518519148230553,0.0028024690691381693,0.0005555555690079927,0.0019753086380660534,0.0015185184311121702
2025-05-30,2025,0.6895962953567505,0.8867284655570984,0.02177778072655201,0.0027530863881111145,0.0005555555690079927,0.0019506174139678478,0.0015061729354783893
2025-05-31,2025,0.6923767924308777,0.887259304523468,0.02195061929523945,0.0027160493191331625,0.0005679012392647564,0.0019629630260169506,0.0014938272070139647
2026-05-01,2026,0.6293864250183105,0.8844320774078369,0.00024691360886208713,0.02167901210486889,0.0019753086380660534,0.00025925927911885083,0.001864197663962841
2026-05-02,2026,0.62835693359375,0.8790122866630554,0.00030864198924973607,0.021123459562659264,0.002111111069098115,0.0002716049493756145,0.0019382716855034232
2026-05-03,2026,0.6328343749046326,0.8789259195327759,0.0002716049493756145,0.020962964743375778,0.0023827161639928818,0.00032098765950649977,0.002172839595004916
2026-05-04,2026,0.6373758316040039,0.8834320902824402,0.00025925925001502037,0.019876543432474136,0.002753086620941758,0.0003333333588670939,0.002259259345009923
2026-05-05,2026,0.6518629789352417,0.9042098522186279,0.0002716049493756145,0.019061729311943054,0.002876543439924717,0.00035802472848445177,0.002358024939894676
2026-05-06,2026,0.6555145382881165,0.9088642597198486,0.00025925927911885083,0.017925925552845,0.0030246914830058813,0.00039506173925474286,0.0024320988450199366
2026-05-07,2026,0.6600040197372437,0.9117778539657593,0.00023456790950149298,0.017765434458851814,0.0030987656209617853,0.000407407438615337,0.0024444444570690393
2026-05-08,2026,0.6619285345077515,0.9087038636207581,0.0002469135797582567,0.018580246716737747,0.003024691715836525,0.0003827160981018096,0.0023827161639928818
2026-05-09,2026,0.6442403793334961,0.8742346167564392,0.0002839506196323782,0.01958024688065052,0.0029506173450499773,0.0003827160981018096,0.002320987870916724
2026-05-10,2026,0.6298432350158691,0.8458271622657776,0.00030864198924973607,0.019950617104768753,0.003012345638126135,0.0003827160981018096,0.0023950617760419846
2026-05-11,2026,0.634117603302002,0.8473333716392517,0.00030864198924973607,0.02020987682044506,0.0030493829399347305,0.00039506173925474286,0.0023827161639928818
2026-05-12,2026,0.633324921131134,0.8359259963035583,0.0002716049493756145,0.021135803312063217,0.0033209880348294973,0.00043209880823269486,0.0025185185950249434
2026-05-13,2026,0.6208895444869995,0.815666675567627,0.0002839506196323782,0.020629629492759705,0.0033333334140479565,0.0004567901196423918,0.002481481758877635
2026-05-14,2026,0.618743360042572,0.8083333969116211,0.0002839506196323782,0.020407406613230705,0.0033086424227803946,0.00043209880823269486,0.0026543212588876486
2026-05-15,2026,0.6228416562080383,0.8150371313095093,0.0002469135797582567,0.018654322251677513,0.003641975112259388,0.000506172829773277,0.0027407407760620117
2026-05-16,2026,0.6203503012657166,0.810259222984314,0.00025925925001502037,0.017419753596186638,0.0038888887502253056,0.000580246967729181,0.0028271605260670185
2026-05-17,2026,0.6204781532287598,0.8061728477478027,0.0002839506196323782,0.0179135799407959,0.0037407411728054285,0.000543209898751229,0.0027901234570890665
2026-05-18,2026,0.6141412258148193,0.7935678958892822,0.0002962962898891419,0.018481483682990074,0.0035802472848445177,0.0005308642284944654,0.0026419751811772585
2026-05-19,2026,0.6131542921066284,0.784716010093689,0.00033333332976326346,0.019320989027619362,0.0036790124140679836,0.000543209898751229,0.002641975414007902
2026-05-20,2026,0.6103828549385071,0.7776790857315063,0.00030864198924973607,0.018518518656492233,0.0039012348279356956,0.0005679012392647564,0.0027901234570890665
2026-05-21,2026,0.6103166937828064,0.7707531452178955,0.00030864198924973607,0.019024690613150597,0.004037037491798401,0.0006049382500350475,0.002864197362214327
2026-05-22,2026,0.6039775609970093,0.7600740790367126,0.0003456790291238576,0.017641976475715637,0.004358024802058935,0.0007407407974824309,0.0030123458709567785
2026-05-23,2026,0.5996485352516174,0.7528765797615051,0.00039506173925474286,0.01738271676003933,0.004259259440004826,0.0006666666595265269,0.002913580508902669
2026-05-24,2026,0.5988430380821228,0.7490864396095276,0.00040740740951150656,0.016604939475655556,0.004469136241823435,0.0007283950690180063,0.0030370368622243404
2026-05-25,2026,0.5941892862319946,0.7450988292694092,0.0003827160981018096,0.014962962828576565,0.004493827931582928,0.0008148148190230131,0.003049382707104087
2026-05-26,2026,0.5908095836639404,0.7356790900230408,0.0004197530506644398,0.014975309371948242,0.0046172840520739555,0.0008641975582577288,0.0031234570778906345
2026-05-27,2026,0.5875881910324097,0.7259012460708618,0.00038271606899797916,0.01590123400092125,0.00448148138821125,0.0008518518297933042,0.0030246914830058813
2026-05-28,2026,0.5826708674430847,0.7128766179084778,0.0003827160981018096,0.016679013147950172,0.004469136241823435,0.000851851946208626,0.003037037095054984
2026-05-29,2026,0.5741235017776489,0.6919630169868469,0.00040740740951150656,0.01779012382030487,0.004629630129784346,0.0008765431703068316,0.003074074164032936
2026-05-30,2026,0.576744556427002,0.6912962794303894,0.0004320987791288644,0.01804938353598118,0.004629629664123058,0.0008765432285144925,0.0031234570778906345
2026-05-31,2026,0.5778765082359314,0.6899753212928772,0.00044444447848945856,0.01804938353598118,0.004641975276172161,0.0008765432285144925,0.0031358024571090937
