year,vessel_type,mean_traffic,sum_traffic,n_cells
2015,Cargo,11512.73046875,58162312.0,5052
2015,Fishing,58145.25390625,293749824.0,5052
2015,Tanker,4800.63037109375,24252784.0,5052
2015,Other,72093.859375,364218176.0,5052
2016,Cargo,10307.5263671875,52073624.0,5052
2016,Fishing,58325.984375,294662880.0,5052
2016,Tanker,3463.72998046875,17498764.0,5052
2016,Other,67602.0859375,341525728.0,5052
2017,Cargo,10531.1630859375,53203436.0,5052
2017,Fishing,61475.92578125,310576384.0,5052
2017,Tanker,3702.640625,18705740.0,5052
2017,Other,62189.515625,314181440.0,5052
2018,Cargo,16212.97265625,81907936.0,5052
2018,Fishing,73858.9921875,373135648.0,5052
2018,Tanker,3963.1005859375,20021584.0,5052
2018,Other,84631.1953125,427556800.0,5052
2019,Cargo,11990.56640625,60576340.0,5052
2019,Fishing,73732.2421875,372495296.0,5052
2019,Tanker,4372.4404296875,22089568.0,5052
2019,Other,84746.6484375,428140064.0,5052
2020,Cargo,9674.5107421875,48875628.0,5052
2020,Fishing,76078.9609375,384350912.0,5052
2020,Tanker,4091.391845703125,20669712.0,5052
2020,Other,54324.54296875,274447584.0,5052
